{
  "model_path": "../modelnew/llama3.2-1b-w8a8-qat-experiment",
  "quant_mode": "none",
  "data_dir": "../datasets/mergedata_prev2",
  "model_size_mb_via_save": 2357.2277879714966,
  "evaluation_date": "2025-12-10 09:25:42",
  "test": {
    "ppl": 1.8891133249985987,
    "avg_loss": 0.6361075787784698,
    "loss_std": 0.1697607785463333,
    "loss_min": 0.09097054600715637,
    "loss_max": 1.214367151260376,
    "total_tokens": 233622,
    "samples_evaluated": 7757
  },
  "throughput": {
    "mean_latency_ms": 350.40114402770996,
    "tokens_per_sec": 23378.919103506614,
    "batch_size": 8,
    "seq_len": 1024,
    "num_runs": 50
  },
  "throughput_compiled": {
    "mean_latency_ms": 320.6372308731079,
    "tokens_per_sec": 25549.122844196412,
    "batch_size": 8,
    "seq_len": 1024,
    "num_runs": 50
  }
}